a, v, X_tf, cycle, time, v0, req_acc, c3, c4, c5;
-1.76755e-06, -8.83774e-08, 162, 1, 0, -8.83774e-08, 0.039188, 0.787935, -0.165881, 0.0116408;
0.00598206, 0.000299015, 162, 2, 0.038, 0.000299015, 0.0783153, 0.786683, -0.165796, 0.0116412;
0.0262818, 0.0016131, 162, 3, 0.103, 0.0016131, 0.11723, 0.782423, -0.165507, 0.0116425;
0.0722789, 0.00522705, 162, 4, 0.144, 0.00522705, 0.155658, 0.772671, -0.164827, 0.0116435;
0.207373, 0.0155957, 162, 5, 0.204, 0.0155957, 0.19261, 0.743092, -0.162564, 0.0116226;
0.473543, 0.0392729, 161.999, 6, 0.243, 0.0392729, 0.226463, 0.68098, -0.157012, 0.0114833;
-1.53822, -0.0376379, 161.998, 7, 0.305, -0.0376379, 0.276236, 0.999444, -0.159696, 0.00934779;
-0.858418, -0.0805588, 161.997, 8, 0.345, -0.0805588, 0.322723, 0.933968, -0.1689, 0.0108183;
0.827617, -0.039178, 161.994, 9, 0.404, -0.039178, 0.352015, 0.589498, -0.146398, 0.0109658;
0.99971, 0.0108075, 161.989, 10, 0.445, 0.0108075, 0.379013, 0.543476, -0.141204, 0.0107293;
0.762813, 0.0489482, 161.981, 11, 0.506, 0.0489482, 0.40922, 0.607872, -0.149226, 0.0111632;
0.572885, 0.0775924, 161.972, 12, 0.547, 0.0775924, 0.441891, 0.657287, -0.154952, 0.0114402;
0.492844, 0.102235, 161.961, 13, 0.606, 0.102235, 0.475585, 0.677793, -0.15733, 0.011556;
0.476681, 0.126069, 161.95, 14, 0.649, 0.126069, 0.509505, 0.682344, -0.158033, 0.011605;
0.487241, 0.150431, 161.937, 15, 0.708, 0.150431, 0.543323, 0.680316, -0.15807, 0.0116296;
0.507676, 0.175815, 161.922, 16, 0.75, 0.175815, 0.576918, 0.675836, -0.15786, 0.0116455;
0.533346, 0.202482, 161.907, 17, 0.809, 0.202482, 0.610223, 0.670023, -0.157515, 0.0116566;
0.562184, 0.230591, 161.89, 18, 0.849, 0.230591, 0.643195, 0.663368, -0.157081, 0.0116644;
0.592456, 0.260214, 161.871, 19, 0.909, 0.260214, 0.675815, 0.656293, -0.1566, 0.0116705;
0.623477, 0.291388, 161.851, 20, 0.953, 0.291388, 0.708068, 0.648963, -0.15609, 0.0116754;
0.654716, 0.324124, 161.83, 21, 1.012, 0.324124, 0.739949, 0.64151, -0.155564, 0.0116796;
0.685374, 0.358392, 161.807, 22, 1.053, 0.358392, 0.771463, 0.634139, -0.155044, 0.0116842;
0.716004, 0.394192, 161.782, 23, 1.11, 0.394192, 0.802605, 0.626707, -0.154515, 0.0116884;
0.74688, 0.431536, 161.755, 24, 1.153, 0.431536, 0.83337, 0.619136, -0.153966, 0.0116916;
0.777885, 0.470431, 161.726, 25, 1.213, 0.470431, 0.863751, 0.611454, -0.1534, 0.0116941;
0.808713, 0.510866, 161.695, 26, 1.254, 0.510866, 0.893748, 0.603742, -0.152827, 0.0116961;
0.838789, 0.552806, 161.663, 27, 1.313, 0.552806, 0.923366, 0.596159, -0.152266, 0.0116988;
0.86893, 0.596252, 161.628, 28, 1.354, 0.596252, 0.952601, 0.588478, -0.151688, 0.0117006;
0.899381, 0.641221, 161.591, 29, 1.413, 0.641221, 0.981443, 0.580628, -0.151085, 0.011701;
0.930273, 0.687735, 161.551, 30, 1.456, 0.687735, 1.00988, 0.572566, -0.15045, 0.0116995;
0.960483, 0.735759, 161.51, 31, 1.518, 0.735759, 1.03793, 0.564609, -0.149824, 0.0116985;
0.990817, 0.7853, 161.465, 32, 1.559, 0.7853, 1.06557, 0.556526, -0.149175, 0.0116961;
1.02023, 0.836311, 161.419, 33, 1.62, 0.836311, 1.09281, 0.54862, -0.148545, 0.0116946;
1.04573, 0.888598, 161.37, 34, 1.661, 0.888598, 1.11972, 0.541782, -0.148055, 0.0117014;
1.07009, 0.942103, 161.318, 35, 1.719, 0.942103, 1.14629, 0.535214, -0.147598, 0.0117104;
1.09471, 0.996838, 161.264, 36, 1.762, 0.996838, 1.17254, 0.528495, -0.147119, 0.011718;
1.11964, 1.05282, 161.207, 37, 1.82, 1.05282, 1.19843, 0.521608, -0.146612, 0.011724;
1.14474, 1.11006, 161.147, 38, 1.863, 1.11006, 1.22398, 0.514592, -0.146084, 0.0117287;
1.16992, 1.16855, 161.084, 39, 1.923, 1.16855, 1.24917, 0.507468, -0.145536, 0.0117323;
1.19519, 1.22831, 161.018, 40, 1.962, 1.22831, 1.274, 0.500236, -0.144969, 0.0117346;
1.22056, 1.28934, 160.95, 41, 2.03, 1.28934, 1.29847, 0.492883, -0.144379, 0.0117354;
1.24609, 1.35165, 160.878, 42, 2.073, 1.35165, 1.32256, 0.485394, -0.143765, 0.0117346;
1.2718, 1.41524, 160.803, 43, 2.129, 1.41524, 1.34627, 0.477751, -0.143122, 0.0117318;
1.29773, 1.48012, 160.725, 44, 2.173, 1.48012, 1.36959, 0.469941, -0.142448, 0.0117269;
1.32391, 1.54632, 160.643, 45, 2.23, 1.54632, 1.39251, 0.461952, -0.141741, 0.0117196;
1.35033, 1.61383, 160.559, 46, 2.273, 1.61383, 1.41502, 0.453777, -0.140998, 0.0117097;
1.37686, 1.68268, 160.471, 47, 2.331, 1.68268, 1.43712, 0.44546, -0.140225, 0.0116976;
1.40317, 1.75284, 160.379, 48, 2.373, 1.75284, 1.4588, 0.437102, -0.139438, 0.0116842;
1.42984, 1.82433, 160.284, 49, 2.43, 1.82433, 1.48005, 0.428507, -0.138605, 0.0116673;
1.45653, 1.89715, 160.186, 50, 2.475, 1.89715, 1.5, 0.419787, -0.137743, 0.0116481;
1.48247, 1.97128, 160.084, 51, 2.532, 1.97128, 1.5, 0.411199, -0.136894, 0.0116295;
1.50282, 2.04642, 159.978, 52, 2.573, 2.04642, 1.5, 0.404421, -0.136333, 0.0116318;
1.51713, 2.12227, 159.869, 53, 2.633, 2.12227, 1.5, 0.399662, -0.136102, 0.0116585;
1.52726, 2.19864, 159.756, 54, 2.673, 2.19864, 1.5, 0.396304, -0.136105, 0.011703;
1.53463, 2.27537, 159.639, 55, 2.733, 2.27537, 1.5, 0.39388, -0.136266, 0.0117598;
1.5399, 2.35236, 159.519, 56, 2.774, 2.35236, 1.5, 0.392176, -0.136551, 0.0118266;
1.54258, 2.42949, 159.396, 57, 2.834, 2.42949, 1.5, 0.391372, -0.136994, 0.0119059;
1.54321, 2.50665, 159.269, 58, 2.875, 2.50665, 1.5, 0.391296, -0.137566, 0.0119958;
1.54228, 2.58377, 159.138, 59, 2.935, 2.58377, 1.5, 0.391781, -0.138241, 0.0120943;
1.53928, 2.66073, 159.005, 60, 2.977, 2.66073, 1.5, 0.39302, -0.139052, 0.0122041;
1.53527, 2.73749, 158.867, 61, 3.037, 2.73749, 1.5, 0.394638, -0.139937, 0.0123204;
1.52988, 2.81399, 158.727, 62, 3.077, 2.81399, 1.5, 0.396778, -0.14092, 0.0124453;
1.52409, 2.89019, 158.583, 63, 3.139, 2.89019, 1.5, 0.399086, -0.141941, 0.012574;
1.51754, 2.96607, 158.436, 64, 3.181, 2.96607, 1.5, 0.401701, -0.143025, 0.0127086;
1.50995, 3.04157, 158.286, 65, 3.238, 3.04157, 1.5, 0.404724, -0.144189, 0.0128505;
1.50068, 3.1166, 158.132, 66, 3.278, 3.1166, 1.5, 0.408403, -0.145479, 0.0130032;
1.48964, 3.19108, 157.976, 67, 3.339, 3.19108, 1.5, 0.412777, -0.146903, 0.0131676;
1.47692, 3.26493, 157.816, 68, 3.38, 3.26493, 1.5, 0.417823, -0.148457, 0.0133434;
1.4623, 3.33805, 157.653, 69, 3.44, 3.33805, 1.5, 0.42363, -0.150158, 0.0135319;
1.4467, 3.41038, 157.486, 70, 3.483, 3.41038, 1.5, 0.429866, -0.151947, 0.0137287;
1.43086, 3.48192, 157.317, 71, 3.544, 3.48192, 1.5, 0.436249, -0.153775, 0.0139297;
1.41671, 3.55276, 157.144, 72, 3.585, 3.55276, 1.5, 0.442064, -0.155514, 0.0141247;
1.40609, 3.62306, 156.968, 73, 3.644, 3.62306, 1.5, 0.446603, -0.157033, 0.0143034;
1.40113, 3.69312, 156.788, 74, 3.687, 3.69312, 1.5, 0.449038, -0.158183, 0.0144536;
1.40264, 3.76325, 156.605, 75, 3.746, 3.76325, 1.5, 0.44904, -0.1589, 0.0145701;
1.41067, 3.83378, 156.418, 76, 3.79, 3.83378, 1.5, 0.44654, -0.159166, 0.0146509;
1.42327, 3.90495, 156.228, 77, 3.849, 3.90495, 1.5, 0.442244, -0.159105, 0.0147058;
1.43847, 3.97687, 156.033, 78, 3.891, 3.97687, 1.5, 0.436884, -0.158846, 0.014745;
1.45407, 4.04958, 155.835, 79, 3.952, 4.04958, 1.5, 0.431295, -0.158545, 0.0147811;
1.46806, 4.12298, 155.634, 80, 3.992, 4.12298, 1.5, 0.42626, -0.158346, 0.0148263;
1.47928, 4.19694, 155.428, 81, 4.05, 4.19694, 1.5, 0.42226, -0.158346, 0.0148887;
1.48708, 4.2713, 155.218, 82, 4.092, 4.2713, 1.5, 0.41957, -0.158599, 0.0149733;
1.49122, 4.34586, 155.005, 83, 4.153, 4.34586, 1.5, 0.418317, -0.159133, 0.0150828;
1.49165, 4.42044, 154.787, 84, 4.19, 4.42044, 1.5, 0.418551, -0.159964, 0.0152187;
1.48856, 4.49487, 154.566, 85, 4.253, 4.49487, 1.5, 0.420221, -0.161085, 0.0153808;
1.48239, 4.56899, 154.341, 86, 4.292, 4.56899, 1.5, 0.423166, -0.162468, 0.0155671;
1.47423, 4.6427, 154.112, 87, 4.356, 4.6427, 1.5, 0.426969, -0.164033, 0.0157708;
1.46617, 4.71601, 153.879, 88, 4.395, 4.71601, 1.5, 0.430782, -0.165617, 0.0159778;
1.46158, 4.78909, 153.642, 89, 4.455, 4.78909, 1.5, 0.433217, -0.166942, 0.0161639;
1.46503, 4.86234, 153.401, 90, 4.497, 4.86234, 1.5, 0.432347, -0.167624, 0.0162952;
1.4813, 4.9364, 153.156, 91, 4.555, 4.9364, 1.5, 0.426119, -0.16724, 0.0163336;
1.51249, 5.01203, 152.908, 92, 4.597, 5.01203, 1.5, 0.413513, -0.165561, 0.0162569;
1.55381, 5.08972, 152.655, 93, 4.656, 5.08972, 1.5, 0.396373, -0.162933, 0.0160935;
1.59027, 5.16923, 152.398, 94, 4.698, 5.16923, 1.5, 0.381002, -0.160632, 0.0159576;
1.60024, 5.24924, 152.137, 95, 4.759, 5.24924, 1.5, 0.376824, -0.160636, 0.0160314;
1.5701, 5.32775, 151.873, 96, 4.8, 5.32775, 1.5, 0.390004, -0.164276, 0.0164409;
1.51034, 5.40327, 151.605, 97, 4.859, 5.40327, 1.5, 0.416182, -0.170657, 0.0171046;
1.4548, 5.47601, 151.333, 98, 4.904, 5.47601, 1.5, 0.440746, -0.176722, 0.0177409;
1.43722, 5.54787, 151.057, 99, 4.962, 5.54787, 1.5, 0.449058, -0.179422, 0.018071;
1.46208, 5.62097, 150.778, 100, 5.005, 5.62097, 1.5, 0.438941, -0.178275, 0.0180488;
1.49875, 5.69591, 150.495, 101, 5.065, 5.69591, 1.5, 0.423436, -0.175969, 0.0179181;
1.51163, 5.77149, 150.209, 102, 5.107, 5.77149, 1.5, 0.418233, -0.175841, 0.0179906;
1.49731, 5.84635, 149.918, 103, 5.165, 5.84635, 1.5, 0.425111, -0.178315, 0.0183098;
1.4819, 5.92045, 149.624, 104, 5.207, 5.92045, 1.5, 0.432567, -0.180938, 0.0186456;
1.48292, 5.9946, 149.326, 105, 5.27, 5.9946, 1.5, 0.432722, -0.182002, 0.0188361;
1.49104, 6.06915, 149.025, 106, 5.309, 6.06915, 1.5, 0.429661, -0.182378, 0.0189626;
1.4922, 6.14376, 148.719, 107, 5.371, 6.14376, 1.5, 0.429722, -0.183446, 0.0191571;
1.48847, 6.21818, 148.41, 108, 5.412, 6.21818, 1.5, 0.432028, -0.185024, 0.019403;
1.48766, 6.29256, 148.098, 109, 5.473, 6.29256, 1.5, 0.433019, -0.186328, 0.0196246;
1.48905, 6.36702, 147.781, 110, 5.514, 6.36702, 1.5, 0.433004, -0.187423, 0.0198281;
1.48898, 6.44147, 147.461, 111, 5.574, 6.44147, 1.5, 0.433667, -0.188685, 0.02005;
1.48826, 6.51588, 147.137, 112, 5.613, 6.51588, 1.5, 0.434641, -0.190033, 0.0202827;
1.48827, 6.59029, 146.81, 113, 5.675, 6.59029, 1.5, 0.435286, -0.191323, 0.0205121;
1.48829, 6.66471, 146.478, 114, 5.716, 6.66471, 1.5, 0.435934, -0.19263, 0.0207455;
1.48804, 6.73911, 146.143, 115, 5.774, 6.73911, 1.5, 0.436714, -0.193984, 0.0209861;
1.48791, 6.81351, 145.804, 116, 5.814, 6.81351, 1.5, 0.437449, -0.195345, 0.0212299;
1.48781, 6.8879, 145.462, 117, 5.874, 6.8879, 1.5, 0.438178, -0.196722, 0.0214778;
1.48766, 6.96228, 145.116, 118, 5.916, 6.96228, 1.5, 0.438941, -0.198125, 0.021731;
1.48752, 7.03665, 144.766, 119, 5.977, 7.03665, 1.5, 0.439702, -0.199545, 0.0219887;
1.48739, 7.11102, 144.412, 120, 6.02, 7.11102, 1.5, 0.44047, -0.200986, 0.0222512;
1.48725, 7.18539, 144.055, 121, 6.079, 7.18539, 1.5, 0.441251, -0.202448, 0.0225188;
1.48712, 7.25974, 143.694, 122, 6.119, 7.25974, 1.5, 0.442038, -0.203931, 0.0227914;
1.48699, 7.33409, 143.329, 123, 6.181, 7.33409, 1.5, 0.442834, -0.205435, 0.0230692;
1.48685, 7.40844, 142.96, 124, 6.223, 7.40844, 1.5, 0.443638, -0.206962, 0.0233523;
1.48672, 7.48277, 142.588, 125, 6.282, 7.48277, 1.5, 0.444451, -0.208511, 0.0236409;
1.48658, 7.5571, 142.212, 126, 6.325, 7.5571, 1.5, 0.445273, -0.210082, 0.0239351;
1.48645, 7.63142, 141.832, 127, 6.385, 7.63142, 1.5, 0.446102, -0.211677, 0.0242349;
1.48632, 7.70574, 141.449, 128, 6.425, 7.70574, 1.5, 0.446941, -0.213295, 0.0245407;
1.48618, 7.78005, 141.062, 129, 6.487, 7.78005, 1.5, 0.447788, -0.214937, 0.0248524;
1.48605, 7.85435, 140.671, 130, 6.529, 7.85435, 1.5, 0.448643, -0.216604, 0.0251703;
1.48591, 7.92865, 140.277, 131, 6.588, 7.92865, 1.5, 0.449507, -0.218295, 0.0254945;
1.48578, 8.00293, 139.878, 132, 6.631, 8.00293, 1.5, 0.45038, -0.220012, 0.0258252;
1.48564, 8.07722, 139.476, 133, 6.69, 8.07722, 1.5, 0.451261, -0.221755, 0.0261625;
1.48551, 8.15149, 139.071, 134, 6.732, 8.15149, 1.5, 0.45215, -0.223524, 0.0265066;
1.48538, 8.22576, 138.661, 135, 6.792, 8.22576, 1.5, 0.453048, -0.22532, 0.0268576;
1.48524, 8.30002, 138.248, 136, 6.832, 8.30002, 1.5, 0.453954, -0.227143, 0.0272158;
1.48511, 8.37428, 137.831, 137, 6.893, 8.37428, 1.5, 0.454869, -0.228994, 0.0275812;
1.48497, 8.44853, 137.411, 138, 6.934, 8.44853, 1.5, 0.455792, -0.230873, 0.0279542;
1.48484, 8.52277, 136.987, 139, 6.993, 8.52277, 1.5, 0.456723, -0.232782, 0.0283349;
1.48471, 8.597, 136.559, 140, 7.039, 8.597, 1.5, 0.457663, -0.23472, 0.0287235;
1.48457, 8.67123, 136.127, 141, 7.096, 8.67123, 1.5, 0.458611, -0.236687, 0.0291202;
1.48444, 8.74546, 135.692, 142, 7.139, 8.74546, 1.5, 0.459567, -0.238686, 0.0295252;
1.48431, 8.81967, 135.252, 143, 7.199, 8.81967, 1.5, 0.460531, -0.240716, 0.0299387;
1.48417, 8.89388, 134.81, 144, 7.24, 8.89388, 1.5, 0.461504, -0.242777, 0.030361;
1.48404, 8.96808, 134.363, 145, 7.296, 8.96808, 1.5, 0.462484, -0.244871, 0.0307923;
1.4839, 9.04228, 133.913, 146, 7.338, 9.04228, 1.5, 0.463473, -0.246999, 0.0312329;
1.48377, 9.11646, 133.459, 147, 7.399, 9.11646, 1.5, 0.464469, -0.24916, 0.0316829;
1.48364, 9.19065, 133.001, 148, 7.44, 9.19065, 1.5, 0.465474, -0.251355, 0.0321427;
1.4835, 9.26482, 132.54, 149, 7.5, 9.26482, 1.5, 0.466486, -0.253586, 0.0326124;
1.48337, 9.33899, 132.075, 150, 7.542, 9.33899, 1.5, 0.467506, -0.255852, 0.0330925;
1.48324, 9.41315, 131.606, 151, 7.6, 9.41315, 1.5, 0.468534, -0.258156, 0.0335831;
1.4831, 9.48731, 131.134, 152, 7.642, 9.48731, 1.5, 0.469569, -0.260496, 0.0340846;
1.48297, 9.56146, 130.657, 153, 7.7, 9.56146, 1.5, 0.470612, -0.262875, 0.0345973;
1.48284, 9.6356, 130.178, 154, 7.742, 9.6356, 1.5, 0.471662, -0.265293, 0.0351214;
1.4827, 9.70973, 129.694, 155, 7.804, 9.70973, 1.5, 0.472719, -0.26775, 0.0356573;
1.48257, 9.78386, 129.207, 156, 7.844, 9.78386, 1.5, 0.473784, -0.270248, 0.0362054;
1.48244, 9.85798, 128.716, 157, 7.904, 9.85798, 1.5, 0.474855, -0.272787, 0.0367659;
1.4823, 9.9321, 128.221, 158, 7.949, 9.9321, 1.5, 0.475933, -0.275369, 0.0373392;
1.48217, 10.0062, 127.723, 159, 8.004, 10.0062, 1.5, 0.477018, -0.277994, 0.0379258;
1.48204, 10.0803, 127.22, 160, 8.045, 10.0803, 1.5, 0.47811, -0.280663, 0.038526;
1.4819, 10.1544, 126.715, 161, 8.107, 10.1544, 1.5, 0.479207, -0.283377, 0.0391401;
1.48177, 10.2285, 126.205, 162, 8.147, 10.2285, 1.5, 0.480311, -0.286137, 0.0397686;
1.48164, 10.3026, 125.692, 163, 8.207, 10.3026, 1.5, 0.481421, -0.288944, 0.040412;
1.48151, 10.3767, 125.175, 164, 8.248, 10.3767, 1.5, 0.482537, -0.291799, 0.0410706;
1.48137, 10.4507, 124.654, 165, 8.308, 10.4507, 1.5, 0.483658, -0.294703, 0.0417449;
1.48124, 10.5248, 124.13, 166, 8.351, 10.5248, 1.5, 0.484785, -0.297657, 0.0424354;
1.48111, 10.5988, 123.602, 167, 8.412, 10.5988, 1.5, 0.485916, -0.300662, 0.0431425;
1.48097, 10.6729, 123.07, 168, 8.471, 10.6729, 1.46305, -0.742182, 0.124061, -0.00859053;
1.47242, 10.7465, 122.535, 169, 8.523, 10.7465, 1.42577, -0.748604, 0.126116, -0.00879431;
1.45182, 10.8191, 121.996, 170, 8.564, 10.8191, 1.38845, -0.749725, 0.127143, -0.00891519;
1.42397, 10.8903, 121.453, 171, 8.624, 10.8903, 1.35123, -0.747574, 0.127528, -0.00898387;
1.39247, 10.9599, 120.907, 172, 8.665, 10.9599, 1.3142, -0.743718, 0.127575, -0.00902495;
1.35898, 11.0279, 120.357, 173, 8.723, 11.0279, 1.27741, -0.738871, 0.127424, -0.00904973;
1.32433, 11.0941, 119.804, 174, 8.765, 11.0941, 1.2409, -0.733404, 0.127145, -0.00906407;
1.28909, 11.1585, 119.248, 175, 8.824, 11.1585, 1.20468, -0.727553, 0.126786, -0.00907176;
1.25358, 11.2212, 118.688, 176, 8.864, 11.2212, 1.16877, -0.721469, 0.126377, -0.00907523;
1.21804, 11.2821, 118.126, 177, 8.925, 11.2821, 1.13316, -0.71525, 0.125935, -0.00907603;
1.18259, 11.3412, 117.56, 178, 8.967, 11.3412, 1.09787, -0.708955, 0.125474, -0.00907517;
1.14733, 11.3986, 116.992, 179, 9.026, 11.3986, 1.0629, -0.702623, 0.125001, -0.00907326;
1.1123, 11.4542, 116.42, 180, 9.068, 11.4542, 1.02824, -0.696278, 0.12452, -0.00907071;
1.07754, 11.5081, 115.846, 181, 9.126, 11.5081, 0.993896, -0.689934, 0.124034, -0.00906776;
1.04307, 11.5603, 115.27, 182, 9.172, 11.5603, 0.95987, -0.683602, 0.123546, -0.00906457;
1.0089, 11.6107, 114.69, 183, 9.229, 11.6107, 0.926159, -0.677287, 0.123057, -0.00906123;
0.975032, 11.6595, 114.109, 184, 9.273, 11.6595, 0.892762, -0.670993, 0.122567, -0.00905782;
0.941476, 11.7065, 113.524, 185, 9.333, 11.7065, 0.859678, -0.664722, 0.122076, -0.00905436;
0.908233, 11.7519, 112.938, 186, 9.373, 11.7519, 0.826906, -0.658474, 0.121586, -0.00905089;
0.875303, 11.7957, 112.349, 187, 9.433, 11.7957, 0.794445, -0.652252, 0.121096, -0.00904741;
0.842685, 11.8378, 111.758, 188, 9.475, 11.8378, 0.762292, -0.646056, 0.120606, -0.00904393;
0.810378, 11.8784, 111.166, 189, 9.535, 11.8784, 0.730448, -0.639885, 0.120117, -0.00904047;
0.778382, 11.9173, 110.571, 190, 9.575, 11.9173, 0.69891, -0.633739, 0.119628, -0.00903701;
0.746694, 11.9546, 109.974, 191, 9.634, 11.9546, 0.667678, -0.62762, 0.119139, -0.00903356;
0.715315, 11.9904, 109.375, 192, 9.677, 11.9904, 0.63675, -0.621527, 0.118651, -0.00903013;
0.684242, 12.0246, 108.775, 193, 9.739, 12.0246, 0.606124, -0.615459, 0.118163, -0.0090267;
0.653474, 12.0573, 108.173, 194, 9.779, 12.0573, 0.5758, -0.609417, 0.117676, -0.00902328;
0.62301, 12.0884, 107.569, 195, 9.838, 12.0884, 0.545776, -0.6034, 0.117189, -0.00901987;
0.592847, 12.1181, 106.964, 196, 9.879, 12.1181, 0.516051, -0.597409, 0.116702, -0.00901647;
0.562985, 12.1462, 106.357, 197, 9.939, 12.1462, 0.486624, -0.591443, 0.116216, -0.00901307;
0.533423, 12.1729, 105.749, 198, 9.982, 12.1729, 0.457494, -0.585502, 0.115729, -0.00900968;
0.504158, 12.1981, 105.14, 199, 10.042, 12.1981, 0.428658, -0.579587, 0.115244, -0.00900628;
0.475189, 12.2218, 104.53, 200, 10.084, 12.2218, 0.400116, -0.573696, 0.114758, -0.00900289;
0.446515, 12.2442, 103.918, 201, 10.147, 12.2442, 0.371867, -0.56783, 0.114273, -0.00899949;
0.418134, 12.2651, 103.305, 202, 10.189, 12.2651, 0.34391, -0.56199, 0.113787, -0.00899609;
0.390045, 12.2846, 102.692, 203, 10.248, 12.2846, 0.316243, -0.556173, 0.113302, -0.00899268;
0.362247, 12.3027, 102.077, 204, 10.29, 12.3027, 0.288864, -0.550382, 0.112818, -0.00898927;
0.334737, 12.3194, 101.461, 205, 10.349, 12.3194, 0.261774, -0.544615, 0.112333, -0.00898585;
0.307516, 12.3348, 100.845, 206, 10.389, 12.3348, 0.23497, -0.538872, 0.111849, -0.00898242;
0.280581, 12.3488, 100.228, 207, 10.451, 12.3488, 0.208451, -0.533154, 0.111364, -0.00897898;
0.253931, 12.3615, 99.6102, 208, 10.492, 12.3615, 0.182216, -0.52746, 0.11088, -0.00897552;
0.227564, 12.3729, 98.9918, 209, 10.551, 12.3729, 0.156264, -0.52179, 0.110396, -0.00897205;
0.20148, 12.383, 98.3729, 210, 10.592, 12.383, 0.130594, -0.516144, 0.109912, -0.00896856;
0.175677, 12.3918, 97.7536, 211, 10.654, 12.3918, 0.105205, -0.510523, 0.109428, -0.00896505;
0.150153, 12.3993, 97.1338, 212, 10.697, 12.3993, 0.0800942, -0.504925, 0.108944, -0.00896153;
0.124908, 12.4055, 96.5137, 213, 10.756, 12.4055, 0.0552619, -0.499351, 0.10846, -0.00895798;
0.0999392, 12.4105, 95.8933, 214, 10.797, 12.4105, 0.0307065, -0.493801, 0.107976, -0.00895441;
0.0752463, 12.4143, 95.2726, 215, 10.857, 12.4143, 0.00642683, -0.488275, 0.107493, -0.00895082;
0.0508278, 12.4168, 94.6518, 216, 10.899, 12.4168, -0.0175783, -0.482773, 0.107009, -0.0089472;
0.0266824, 12.4182, 94.031, 217, 10.957, 12.4182, -0.0413102, -0.477294, 0.106525, -0.00894355;
0.00280871, 12.4183, 93.4101, 218, 10.997, 12.4183, -0.0647698, -0.471839, 0.106041, -0.00893988;
-0.0207945, 12.4173, 92.7892, 219, 11.058, 12.4173, -0.0879585, -0.466407, 0.105557, -0.00893618;
-0.0441285, 12.4151, 92.1683, 220, 11.1, 12.4151, -0.110877, -0.460999, 0.105073, -0.00893244;
-0.0671946, 12.4117, 91.5477, 221, 11.159, 12.4117, -0.133528, -0.455614, 0.104589, -0.00892868;
-0.0899941, 12.4072, 90.9272, 222, 11.202, 12.4072, -0.15591, -0.450253, 0.104105, -0.00892488;
-0.112528, 12.4016, 90.307, 223, 11.262, 12.4016, -0.178027, -0.444915, 0.103621, -0.00892104;
-0.134798, 12.3948, 89.687, 224, 11.303, 12.3948, -0.199878, -0.4396, 0.103137, -0.00891716;
-0.156805, 12.387, 89.0675, 225, 11.363, 12.387, -0.221466, -0.434308, 0.102653, -0.00891325;
-0.178551, 12.3781, 88.4484, 226, 11.406, 12.3781, -0.24279, -0.42904, 0.102168, -0.00890929;
-0.200037, 12.3681, 87.8297, 227, 11.466, 12.3681, -0.263853, -0.423794, 0.101684, -0.00890529;
-0.221265, 12.357, 87.2116, 228, 11.509, 12.357, -0.284655, -0.418571, 0.101199, -0.00890123;
-0.242236, 12.3449, 86.594, 229, 11.579, 12.3449, -0.305198, -0.41337, 0.100713, -0.00889711;
-0.262954, 12.3317, 85.9771, 230, 11.619, 12.3317, -0.325483, -0.40819, 0.100228, -0.00889291;
-0.283421, 12.3176, 85.3608, 231, 11.674, 12.3176, -0.34551, -0.403031, 0.0997411, -0.00888859;
-0.303642, 12.3024, 84.7453, 232, 11.715, 12.3024, -0.365281, -0.39789, 0.0992532, -0.00888412;
-0.323625, 12.2862, 84.1306, 233, 11.774, 12.2862, -0.384796, -0.392764, 0.0987632, -0.00887941;
-0.34338, 12.269, 83.5167, 234, 11.816, 12.269, -0.404056, -0.387648, 0.0982699, -0.00887433;
-0.362925, 12.2509, 82.9037, 235, 11.877, 12.2509, -0.42306, -0.382533, 0.097771, -0.00886868;
-0.382285, 12.2318, 82.2916, 236, 11.919, 12.2318, -0.441809, -0.377404, 0.0972633, -0.00886211;
-0.401499, 12.2117, 81.6805, 237, 11.976, 12.2117, -0.460301, -0.372242, 0.0967418, -0.00885411;
-0.420622, 12.1907, 81.0704, 238, 12.014, 12.1907, -0.478531, -0.367015, 0.0961987, -0.00884392;
-0.439731, 12.1687, 80.4614, 239, 12.072, 12.1687, -0.496496, -0.361681, 0.0956239, -0.00883049;
-0.458916, 12.1457, 79.8535, 240, 12.116, 12.1457, -0.514187, -0.356188, 0.0950044, -0.00881249;
-0.478271, 12.1218, 79.2468, 241, 12.178, 12.1218, -0.531594, -0.350484, 0.0943268, -0.00878855;
-0.497842, 12.0969, 78.6414, 242, 12.217, 12.0969, -0.548704, -0.344537, 0.0935834, -0.00875782;
-0.51756, 12.071, 78.0371, 243, 12.277, 12.071, -0.565507, -0.338382, 0.0927814, -0.00872097;
-0.537159, 12.0442, 77.4342, 244, 12.319, 12.0442, -0.582001, -0.332161, 0.0919546, -0.00868134;
-0.556152, 12.0164, 76.8327, 245, 12.378, 12.0164, -0.598194, -0.326142, 0.0911679, -0.00864548;
-0.5739, 11.9877, 76.2326, 246, 12.421, 11.9877, -0.614115, -0.320681, 0.0905089, -0.00862229;
-0.589716, 11.9582, 75.6339, 247, 12.48, 11.9582, -0.629811, -0.316172, 0.0900749, -0.00862178;
-0.602766, 11.9281, 75.0367, 248, 12.522, 11.9281, -0.645354, -0.313098, 0.0899877, -0.00865663;
-0.611476, 11.8975, 74.4411, 249, 12.581, 11.8975, -0.66086, -0.312374, 0.0904775, -0.00875089;
-0.611889, 11.8669, 73.847, 250, 12.622, 11.8669, -0.676559, -0.316286, 0.0921217, -0.00896499;
-0.61143, 11.8363, 73.2544, 251, 12.682, 11.8363, -0.692481, -0.320773, 0.0939324, -0.00919886;
-0.659424, 11.8034, 72.6633, 252, 12.724, 11.8034, -0.707264, -0.297875, 0.0889231, -0.00872658;
-0.715363, 11.7676, 72.074, 253, 12.786, 11.7676, -0.720671, -0.270214, 0.0827173, -0.00813086;
-0.731527, 11.731, 71.4866, 254, 12.823, 11.731, -0.733794, -0.264493, 0.081912, -0.0080896;
-0.727547, 11.6946, 70.9009, 255, 12.882, 11.6946, -0.74719, -0.27002, 0.0838962, -0.00833662;
-0.737855, 11.6577, 70.3171, 256, 12.924, 11.6577, -0.760463, -0.267542, 0.0839027, -0.00838047;
-0.759955, 11.6197, 69.7351, 257, 12.983, 11.6197, -0.773275, -0.258286, 0.0822078, -0.00824719;
-0.775785, 11.581, 69.1551, 258, 13.025, 11.581, -0.785794, -0.252421, 0.0813482, -0.00820027;
-0.784075, 11.5417, 68.577, 259, 13.086, 11.5417, -0.798229, -0.250739, 0.0815333, -0.00826246;
-0.79433, 11.502, 68.0009, 260, 13.127, 11.502, -0.810522, -0.24788, 0.0814222, -0.00829405;
-0.808476, 11.4616, 67.4267, 261, 13.187, 11.4616, -0.822557, -0.242708, 0.0807216, -0.00826368;
-0.821748, 11.4205, 66.8547, 262, 13.231, 11.4205, -0.834353, -0.237924, 0.0801118, -0.00824268;
-0.832567, 11.3789, 66.2847, 263, 13.289, 11.3789, -0.845976, -0.234453, 0.0798299, -0.00825633;
-0.843246, 11.3367, 65.7167, 264, 13.329, 11.3367, -0.857426, -0.230978, 0.0795434, -0.00826959;
-0.854899, 11.294, 65.151, 265, 13.391, 11.294, -0.86867, -0.226851, 0.0790852, -0.00826463;
-0.866469, 11.2507, 64.5873, 266, 13.432, 11.2507, -0.879706, -0.222675, 0.0786086, -0.00825765;
-0.877257, 11.2068, 64.0259, 267, 13.493, 11.2068, -0.890551, -0.218859, 0.0782193, -0.00826;
-0.887718, 11.1624, 63.4666, 268, 13.533, 11.1624, -0.901211, -0.215144, 0.0778511, -0.00826465;
-0.898271, 11.1175, 62.9096, 269, 13.592, 11.1175, -0.911679, -0.211286, 0.0774407, -0.00826477;
-0.908743, 11.0721, 62.3548, 270, 13.635, 11.0721, -0.921952, -0.207382, 0.0770131, -0.00826303;
-0.918905, 11.0261, 61.8023, 271, 13.695, 11.0261, -0.932035, -0.203569, 0.0766036, -0.00826326;
-0.928812, 10.9797, 61.2522, 272, 13.737, 10.9797, -0.941931, -0.199815, 0.0762046, -0.00826463;
-0.938588, 10.9327, 60.7043, 273, 13.795, 10.9327, -0.951639, -0.196049, 0.0757971, -0.00826507;
-0.948224, 10.8853, 60.1588, 274, 13.837, 10.8853, -0.961159, -0.192275, 0.075382, -0.00826469;
-0.957661, 10.8375, 59.6158, 275, 13.897, 10.8375, -0.970492, -0.188529, 0.074969, -0.00826454;
-0.966895, 10.7891, 59.0751, 276, 13.938, 10.7891, -0.979639, -0.184815, 0.0745589, -0.00826472;
-0.975954, 10.7403, 58.5368, 277, 13.996, 10.7403, -0.988603, -0.181115, 0.0741473, -0.00826472;
-0.984847, 10.6911, 58.001, 278, 14.038, 10.6911, -0.997382, -0.177425, 0.0737329, -0.00826442;
-0.993561, 10.6414, 57.4677, 279, 14.099, 10.6414, -1.00598, -0.173754, 0.0733179, -0.00826406;
-1.00209, 10.5913, 56.9368, 280, 14.141, 10.5913, -1.01439, -0.170104, 0.0729032, -0.00826372;
-1.01045, 10.5408, 56.4085, 281, 14.201, 10.5408, -1.02263, -0.166473, 0.072488, -0.00826332;
-1.01863, 10.4898, 55.8827, 282, 14.241, 10.4898, -1.03068, -0.162858, 0.0720717, -0.0082628;
-1.02663, 10.4385, 55.3595, 283, 14.301, 10.4385, -1.03855, -0.159261, 0.0716547, -0.00826221;
-1.03446, 10.3868, 54.8388, 284, 14.344, 10.3868, -1.04625, -0.155684, 0.0712375, -0.00826157;
-1.04211, 10.3347, 54.3207, 285, 14.403, 10.3347, -1.05377, -0.152127, 0.0708199, -0.00826089;
-1.04959, 10.2822, 53.8053, 286, 14.443, 10.2822, -1.06111, -0.148588, 0.0704017, -0.00826015;
-1.0569, 10.2293, 53.2925, 287, 14.504, 10.2293, -1.06827, -0.145068, 0.0699832, -0.00825935;
-1.06404, 10.1761, 52.7823, 288, 14.545, 10.1761, -1.07527, -0.141567, 0.0695643, -0.00825852;
-1.071, 10.1226, 52.2748, 289, 14.603, 10.1226, -1.08208, -0.138087, 0.0691451, -0.00825764;
-1.0778, 10.0687, 51.77, 290, 14.644, 10.0687, -1.08873, -0.134626, 0.0687256, -0.00825672;
-1.08442, 10.0145, 51.2679, 291, 14.704, 10.0145, -1.0952, -0.131185, 0.0683059, -0.00825577;
-1.09088, 9.95994, 50.7685, 292, 14.746, 9.95994, -1.10151, -0.127763, 0.067886, -0.00825479;
-1.09717, 9.90508, 50.2718, 293, 14.806, 9.90508, -1.10764, -0.124362, 0.0674659, -0.00825378;
-1.10329, 9.84991, 49.7779, 294, 14.847, 9.84991, -1.11361, -0.120981, 0.0670456, -0.00825274;
-1.10924, 9.79445, 49.2868, 295, 14.906, 9.79445, -1.1194, -0.11762, 0.0666252, -0.00825168;
-1.11503, 9.7387, 48.7984, 296, 14.947, 9.7387, -1.12504, -0.11428, 0.0662046, -0.00825059;
-1.12065, 9.68267, 48.3129, 297, 15.007, 9.68267, -1.1305, -0.110959, 0.0657839, -0.00824949;
-1.12611, 9.62636, 47.8301, 298, 15.049, 9.62636, -1.1358, -0.10766, 0.0653632, -0.00824837;
-1.13141, 9.56979, 47.3502, 299, 15.109, 9.56979, -1.14094, -0.10438, 0.0649424, -0.00824723;
-1.13655, 9.51296, 46.8731, 300, 15.15, 9.51296, -1.14592, -0.101122, 0.0645215, -0.00824608;
-1.14152, 9.45589, 46.3988, 301, 15.211, 9.45589, -1.15073, -0.0978837, 0.0641006, -0.00824491;
-1.14634, 9.39857, 45.9274, 302, 15.255, 9.39857, -1.15539, -0.0946663, 0.0636797, -0.00824373;
-1.15099, 9.34102, 45.4589, 303, 15.313, 9.34102, -1.15988, -0.0914697, 0.0632588, -0.00824255;
-1.15549, 9.28325, 44.9933, 304, 15.358, 9.28325, -1.16422, -0.0882938, 0.0628378, -0.00824135;
-1.15983, 9.22526, 44.5305, 305, 15.414, 9.22526, -1.1684, -0.0851386, 0.0624169, -0.00824015;
-1.16402, 9.16705, 44.0707, 306, 15.457, 9.16705, -1.17242, -0.0820043, 0.061996, -0.00823895;
-1.16805, 9.10865, 43.6138, 307, 15.516, 9.10865, -1.17629, -0.0788908, 0.0615751, -0.00823773;
-1.17193, 9.05006, 43.1598, 308, 15.558, 9.05006, -1.18, -0.0757983, 0.0611543, -0.00823652;
-1.17565, 8.99127, 42.7087, 309, 15.617, 8.99127, -1.18356, -0.0727266, 0.0607335, -0.0082353;
-1.17922, 8.93231, 42.2606, 310, 15.658, 8.93231, -1.18697, -0.0696758, 0.0603128, -0.00823408;
-1.18264, 8.87318, 41.8154, 311, 15.717, 8.87318, -1.19023, -0.066646, 0.0598921, -0.00823286;
-1.18591, 8.81388, 41.3732, 312, 15.762, 8.81388, -1.19334, -0.0636372, 0.0594715, -0.00823164;
-1.18903, 8.75443, 40.934, 313, 15.819, 8.75443, -1.19629, -0.0606493, 0.059051, -0.00823043;
-1.19201, 8.69483, 40.4977, 314, 15.862, 8.69483, -1.19911, -0.0576825, 0.0586306, -0.00822921;
-1.19483, 8.63509, 40.0644, 315, 15.919, 8.63509, -1.20177, -0.0547367, 0.0582103, -0.008228;
-1.19751, 8.57522, 39.6342, 316, 15.963, 8.57522, -1.20429, -0.0518119, 0.05779, -0.0082268;
-1.20005, 8.51521, 39.2069, 317, 16.02, 8.51521, -1.20666, -0.0489082, 0.0573699, -0.0082256;
-1.20244, 8.45509, 38.7826, 318, 16.062, 8.45509, -1.20889, -0.0460255, 0.0569499, -0.0082244;
-1.20469, 8.39486, 38.3613, 319, 16.122, 8.39486, -1.21098, -0.0431639, 0.0565301, -0.00822322;
-1.2068, 8.33452, 37.943, 320, 16.167, 8.33452, -1.21293, -0.0403235, 0.0561103, -0.00822204;
-1.20876, 8.27408, 37.5278, 321, 16.225, 8.27408, -1.21473, -0.0375041, 0.0556907, -0.00822088;
-1.21059, 8.21355, 37.1156, 322, 16.27, 8.21355, -1.2164, -0.0347059, 0.0552713, -0.00821972;
-1.21228, 8.15294, 36.7064, 323, 16.328, 8.15294, -1.21793, -0.0319287, 0.054852, -0.00821858;
-1.21383, 8.09224, 36.3002, 324, 16.371, 8.09224, -1.21932, -0.0291728, 0.0544328, -0.00821745;
-1.21524, 8.03148, 35.8971, 325, 16.432, 8.03148, -1.22057, -0.0264379, 0.0540138, -0.00821633;
-1.21652, 7.97066, 35.497, 326, 16.475, 7.97066, -1.22169, -0.0237242, 0.053595, -0.00821523;
-1.21766, 7.90977, 35.1, 327, 16.535, 7.90977, -1.22268, -0.0210317, 0.0531763, -0.00821414;
-1.21867, 7.84884, 34.706, 328, 16.576, 7.84884, -1.22353, -0.0183604, 0.0527578, -0.00821308;
-1.21955, 7.78786, 34.315, 329, 16.637, 7.78786, -1.22425, -0.0157102, 0.0523395, -0.00821203;
-1.2203, 7.72685, 33.9271, 330, 16.677, 7.72685, -1.22484, -0.0130812, 0.0519214, -0.008211;
-1.22091, 7.6658, 33.5423, 331, 16.739, 7.6658, -1.2253, -0.0104734, 0.0515035, -0.00820999;
-1.2214, 7.60473, 33.1605, 332, 16.778, 7.60473, -1.22563, -0.00788686, 0.0510858, -0.008209;
-1.22176, 7.54364, 32.7817, 333, 16.839, 7.54364, -1.22583, -0.00532148, 0.0506683, -0.00820804;
-1.22199, 7.48254, 32.4061, 334, 16.879, 7.48254, -1.22591, -0.00277731, 0.050251, -0.0082071;
-1.22209, 7.42144, 32.0334, 335, 16.94, 7.42144, -1.22586, -0.000254366, 0.0498339, -0.00820619;
-1.22207, 7.36033, 31.6639, 336, 16.983, 7.36033, -1.22569, 0.00224736, 0.0494171, -0.0082053;
-1.22193, 7.29924, 31.2973, 337, 17.042, 7.29924, -1.22539, 0.00472786, 0.0490005, -0.00820444;
-1.22166, 7.23816, 30.9339, 338, 17.082, 7.23816, -1.22497, 0.00718712, 0.0485841, -0.00820362;
-1.22127, 7.17709, 30.5735, 339, 17.144, 7.17709, -1.22443, 0.00962515, 0.048168, -0.00820282;
-1.22076, 7.11605, 30.2161, 340, 17.187, 7.11605, -1.22377, 0.0120419, 0.0477521, -0.00820206;
-1.22013, 7.05505, 29.8618, 341, 17.245, 7.05505, -1.22299, 0.0144375, 0.0473365, -0.00820133;
-1.21938, 6.99408, 29.5105, 342, 17.287, 6.99408, -1.22209, 0.0168118, 0.0469211, -0.00820064;
-1.21851, 6.93315, 29.1623, 343, 17.346, 6.93315, -1.22107, 0.0191648, 0.0465061, -0.00819999;
-1.21753, 6.87228, 28.8172, 344, 17.389, 6.87228, -1.21994, 0.0214966, 0.0460913, -0.00819937;
-1.21643, 6.81146, 28.475, 345, 17.452, 6.81146, -1.21869, 0.0238072, 0.0456767, -0.0081988;
-1.21521, 6.7507, 28.1359, 346, 17.493, 6.7507, -1.21733, 0.0260965, 0.0452625, -0.00819827;
-1.21388, 6.69, 27.7999, 347, 17.552, 6.69, -1.21586, 0.0283645, 0.0448486, -0.00819778;
-1.21244, 6.62938, 27.4669, 348, 17.594, 6.62938, -1.21427, 0.0306112, 0.044435, -0.00819734;
-1.21089, 6.56883, 27.1369, 349, 17.653, 6.56883, -1.21257, 0.0328367, 0.0440217, -0.00819695;
-1.20922, 6.50837, 26.8099, 350, 17.695, 6.50837, -1.21077, 0.035041, 0.0436087, -0.0081966;
-1.20745, 6.448, 26.486, 351, 17.758, 6.448, -1.20885, 0.0372239, 0.043196, -0.00819631;
-1.20557, 6.38772, 26.1651, 352, 17.797, 6.38772, -1.20683, 0.0393856, 0.0427837, -0.00819608;
-1.20358, 6.32754, 25.8472, 353, 17.856, 6.32754, -1.2047, 0.0415261, 0.0423717, -0.0081959;
-1.20148, 6.26747, 25.5323, 354, 17.896, 6.26747, -1.20247, 0.0436452, 0.04196, -0.00819577;
-1.19928, 6.20751, 25.2204, 355, 17.956, 6.20751, -1.20013, 0.0457431, 0.0415488, -0.00819571;
-1.19698, 6.14766, 24.9114, 356, 17.997, 6.14766, -1.19768, 0.0478198, 0.0411378, -0.00819572;
-1.19457, 6.08793, 24.6055, 357, 18.055, 6.08793, -1.19514, 0.0498752, 0.0407273, -0.00819578;
-1.19206, 6.02833, 24.3026, 358, 18.097, 6.02833, -1.19249, 0.0519093, 0.0403171, -0.00819592;
-1.18945, 5.96885, 24.0026, 359, 18.157, 5.96885, -1.18975, 0.0539221, 0.0399073, -0.00819612;
-1.18674, 5.90952, 23.7056, 360, 18.197, 5.90952, -1.1869, 0.0559137, 0.0394979, -0.0081964;
-1.18393, 5.85032, 23.4116, 361, 18.283, 5.85032, -1.18396, 0.057884, 0.0390888, -0.00819675;
-1.18102, 5.79127, 23.1206, 362, 18.316, 5.79127, -1.18092, 0.0598331, 0.0386802, -0.00819718;
-1.17801, 5.73237, 22.8324, 363, 18.375, 5.73237, -1.17779, 0.0617609, 0.038272, -0.00819769;
-1.17491, 5.67362, 22.5473, 364, 18.416, 5.67362, -1.17456, 0.0636675, 0.0378643, -0.00819828;
-1.17172, 5.61504, 22.265, 365, 18.475, 5.61504, -1.17123, 0.0655528, 0.0374569, -0.00819896;
-1.16843, 5.55662, 21.9857, 366, 18.516, 5.55662, -1.16781, 0.0674169, 0.03705, -0.00819973;
-1.16504, 5.49836, 21.7093, 367, 18.576, 5.49836, -1.16431, 0.0692597, 0.0366436, -0.00820059;
-1.16157, 5.44028, 21.4358, 368, 18.624, 5.44028, -1.16071, 0.0710813, 0.0362376, -0.00820154;
-1.158, 5.38238, 21.1652, 369, 18.678, 5.38238, -1.15702, 0.0728816, 0.0358321, -0.0082026;
-1.15435, 5.32467, 20.8975, 370, 18.719, 5.32467, -1.15324, 0.0746607, 0.035427, -0.00820375;
-1.15061, 5.26714, 20.6327, 371, 18.777, 5.26714, -1.14938, 0.0764186, 0.0350224, -0.00820501;
-1.14678, 5.2098, 20.3707, 372, 18.821, 5.2098, -1.14543, 0.0781553, 0.0346183, -0.00820639;
-1.14286, 5.15266, 20.1116, 373, 18.878, 5.15266, -1.14139, 0.0798707, 0.0342148, -0.00820787;
-1.13886, 5.09571, 19.8554, 374, 18.923, 5.09571, -1.13727, 0.0815649, 0.0338117, -0.00820947;
-1.13477, 5.03897, 19.602, 375, 18.982, 5.03897, -1.13307, 0.0832378, 0.0334092, -0.0082112;
-1.1306, 4.98244, 19.3514, 376, 19.022, 4.98244, -1.12878, 0.0848896, 0.0330072, -0.00821305;
-1.12635, 4.92613, 19.1037, 377, 19.086, 4.92613, -1.12441, 0.0865201, 0.0326057, -0.00821504;
-1.12202, 4.87003, 18.8588, 378, 19.124, 4.87003, -1.11997, 0.0881293, 0.0322049, -0.00821716;
-1.1176, 4.81415, 18.6166, 379, 19.187, 4.81415, -1.11544, 0.0897172, 0.0318046, -0.00821942;
-1.11311, 4.75849, 18.3773, 380, 19.225, 4.75849, -1.11084, 0.0912839, 0.031405, -0.00822184;
-1.10854, 4.70306, 18.1407, 381, 19.284, 4.70306, -1.10616, 0.0928294, 0.0310059, -0.0082244;
-1.10389, 4.64787, 17.9069, 382, 19.325, 4.64787, -1.1014, 0.0943536, 0.0306074, -0.00822712;
-1.09917, 4.59291, 17.6759, 383, 19.384, 4.59291, -1.09657, 0.095857, 0.0302095, -0.00822998;
-1.09437, 4.53819, 17.4476, 384, 19.424, 4.53819, -1.09167, 0.0973398, 0.0298119, -0.00823296;
-1.0895, 4.48372, 17.222, 385, 19.485, 4.48372, -1.08669, 0.0988028, 0.0294143, -0.00823601;
-1.08456, 4.42949, 16.9991, 386, 19.528, 4.42949, -1.08164, 0.100247, 0.0290164, -0.00823904;
-1.07955, 4.37551, 16.779, 387, 19.588, 4.37551, -1.07653, 0.101674, 0.0286174, -0.00824195;
-1.07448, 4.32179, 16.5615, 388, 19.628, 4.32179, -1.07134, 0.103085, 0.0282171, -0.00824471;
-1.06933, 4.26832, 16.3468, 389, 19.688, 4.26832, -1.06608, 0.104476, 0.0278164, -0.00824744;
-1.06412, 4.21511, 16.1346, 390, 19.729, 4.21511, -1.06075, 0.105842, 0.0274185, -0.00825072;
-1.05881, 4.16217, 15.9252, 391, 19.789, 4.16217, -1.05536, 0.107165, 0.0270302, -0.0082558;
-1.0534, 4.1095, 15.7184, 392, 19.832, 4.1095, -1.04991, 0.108428, 0.02666, -0.00826423;
-1.04788, 4.05711, 15.5142, 393, 19.891, 4.05711, -1.04439, 0.109626, 0.0263096, -0.0082764;
-1.04231, 4.00499, 15.3126, 394, 19.931, 4.00499, -1.03882, 0.110812, 0.0259572, -0.00828841;
-1.03681, 3.95315, 15.1136, 395, 19.991, 3.95315, -1.03318, 0.112109, 0.0255474, -0.00829008;
-1.03149, 3.90158, 14.9172, 396, 20.032, 3.90158, -1.02747, 0.113638, 0.0250262, -0.00827129;
-1.0262, 3.85027, 14.7234, 397, 20.091, 3.85027, -1.02168, 0.115247, 0.024458, -0.00824354;
-1.02034, 3.79925, 14.5322, 398, 20.133, 3.79925, -1.01583, 0.11632, 0.0241185, -0.00825799;
-1.01346, 3.74858, 14.3434, 399, 20.192, 3.74858, -1.00998, 0.116378, 0.0242292, -0.00835711;
-1.00675, 3.69824, 14.1572, 400, 20.235, 3.69824, -1.00412, 0.116613, 0.0242608, -0.00844286;
-1.0027, 3.64811, 13.9736, 401, 20.294, 3.64811, -0.99811, 0.119642, 0.0230147, -0.00828759;
-0.999887, 3.59811, 13.7924, 402, 20.335, 3.59811, -0.991881, 0.124058, 0.0211092, -0.00800473;
-0.990457, 3.54859, 13.6137, 403, 20.394, 3.54859, -0.98577, 0.121653, 0.0223122, -0.00831289;
-0.97655, 3.49976, 13.4375, 404, 20.438, 3.49976, -0.98002, 0.114377, 0.0258159, -0.00907247;
-0.980228, 3.45075, 13.2637, 405, 20.497, 3.45075, -0.97371, 0.125682, 0.0206747, -0.00816167;
-0.988548, 3.40132, 13.0923, 406, 20.538, 3.40132, -0.966583, 0.142223, 0.0130384, -0.00676286;
-0.947141, 3.35397, 12.9234, 407, 20.596, 3.35397, -0.961261, 0.105683, 0.0303199, -0.0102272;
-0.941135, 3.30691, 12.7569, 408, 20.64, 3.30691, -0.955906, 0.106359, 0.0302193, -0.0103107;
-1.02429, 3.2557, 12.5928, 409, 20.699, 3.2557, -0.945813, 0.202217, -0.014372, -0.00175839;
-0.873799, 3.21201, 12.4311, 410, 20.742, 3.21201, -0.943388, 0.0470021, 0.0599669, -0.0166574;
-0.896001, 3.16721, 12.2716, 411, 20.799, 3.16721, -0.939403, 0.0785921, 0.0445937, -0.0135906;
-1.22949, 3.10573, 12.1146, 412, 20.84, 3.10573, -0.921241, 0.365049, -0.0722576, 0.00715132;
-0.370698, 3.0872, 11.96, 413, 20.901, 3.0872, -0.950736, -0.600931, 0.44425, -0.11183;
-1.38745, 3.01782, 11.8073, 414, 20.941, 3.01782, -0.926952, 0.478413, -0.109976, 0.0126404;
-1.63368, 2.93614, 11.6578, 415, 20.999, 2.93614, -0.893102, 0.681736, -0.18966, 0.0263818;
1.15053, 2.99367, 11.5099, 416, 21.041, 2.99367, -0.893102, 0, 0, 0;
-0.764376, 2.95545, 11.363, 417, 21.101, 2.95545, -0.896709, -0.0756018, 0.138824, -0.0368715;
-3.15023, 2.79794, 11.2215, 418, 21.143, 2.79794, -0.76556, 2.66016, -1.49755, 0.421528;
-1.58586, 2.71864, 11.0845, 419, 21.202, 2.71864, -0.731122, 0.693804, -0.202357, 0.0295101;
-0.383741, 2.69946, 10.9477, 420, 21.244, 2.69946, -0.754353, -0.473713, 0.366286, -0.0936341;
-0.198798, 2.68952, 10.8101, 421, 21.304, 2.68952, -0.792814, -0.783795, 0.586638, -0.157571;
-0.297662, 2.67463, 10.6721, 422, 21.344, 2.67463, -0.824993, -0.656218, 0.509155, -0.137166;
-0.501132, 2.64958, 10.5344, 423, 21.407, 2.64958, -0.842652, -0.361075, 0.317419, -0.0846387;
-0.694287, 2.61486, 10.3982, 424, 21.448, 2.61486, -0.846853, -0.0876883, 0.148326, -0.0408533;
-0.633927, 2.58317, 10.2643, 425, 21.508, 2.58317, -0.855309, -0.174226, 0.205492, -0.0563046;
-0.639423, 2.55119, 10.1329, 426, 21.549, 2.55119, -0.8635, -0.168949, 0.206045, -0.0572366;
-0.766057, 2.51289, 10.0047, 427, 21.607, 2.51289, -0.862772, 0.0121834, 0.095745, -0.0292175;
-0.854607, 2.47016, 9.88011, 428, 21.65, 2.47016, -0.855877, 0.137319, 0.0234824, -0.0119411;
-0.879933, 2.42616, 9.75932, 429, 21.709, 2.42616, -0.846884, 0.179873, -0.000291743, -0.00656197;
-0.911446, 2.38059, 9.64232, 430, 21.767, 2.38059, -0.83542, 0.22997, -0.0276332, -0.000527953;
-1.01088, 2.33005, 9.52897, 431, 21.818, 2.33005, -0.819063, 0.328926, -0.0713518, 0.00773894;
-1.15946, 2.27208, 9.41904, 432, 21.858, 2.27208, -0.797016, 0.443761, -0.113228, 0.0144452;
-1.16258, 2.21395, 9.31196, 433, 21.92, 2.21395, -0.774272, 0.457871, -0.120218, 0.0157822;
-0.937949, 2.16705, 9.20679, 434, 21.96, 2.16705, -0.759131, 0.304474, -0.0658918, 0.00712988;
-0.741986, 2.12995, 9.10265, 435, 22.022, 2.12995, -0.753762, 0.106572, 0.0322478, -0.0139;
-0.728241, 2.09354, 8.99914, 436, 22.06, 2.09354, -0.748864, 0.097032, 0.0380775, -0.015494;
-0.76813, 2.05513, 8.89631, 437, 22.121, 2.05513, -0.740901, 0.1592, 0.0019348, -0.00688935;
-0.755196, 2.01737, 8.79421, 438, 22.164, 2.01737, -0.733268, 0.152525, 0.00552665, -0.00783479;
-0.716713, 1.98154, 8.69278, 439, 22.221, 1.98154, -0.727715, 0.110308, 0.0304876, -0.0140975;
-0.697079, 1.94668, 8.59197, 440, 22.263, 1.94668, -0.7231, 0.0912472, 0.0426287, -0.0174033;
-0.68309, 1.91253, 8.49181, 441, 22.322, 1.91253, -0.719093, 0.0788712, 0.0511487, -0.0198949;
-0.637799, 1.88064, 8.39239, 442, 22.365, 1.88064, -0.718067, 0.0182574, 0.0917265, -0.0311967;
-0.559656, 1.85265, 8.29383, 443, 22.422, 1.85265, -0.72295, -0.10207, 0.177439, -0.0564131;
-0.50334, 1.82749, 8.19639, 444, 22.465, 1.82749, -0.732604, -0.199375, 0.253718, -0.0807566;
-0.528625, 1.80106, 8.10053, 445, 22.525, 1.80106, -0.740376, -0.161148, 0.230889, -0.0749772;
-0.612614, 1.77042, 8.00682, 446, 22.566, 1.77042, -0.741239, -0.0205249, 0.13167, -0.0456803;
-0.683698, 1.73624, 7.91574, 447, 22.626, 1.73624, -0.736221, 0.099128, 0.0498406, -0.022456;
-0.717487, 1.70037, 7.82756, 448, 22.671, 1.70037, -0.728165, 0.1609, 0.00904168, -0.011428;
-0.727853, 1.66397, 7.74238, 449, 22.73, 1.66397, -0.718749, 0.188554, -0.00919064, -0.00666287;
-0.727792, 1.62758, 7.66021, 450, 22.771, 1.62758, -0.708684, 0.201763, -0.0183091, -0.00431871;
-0.722793, 1.59144, 7.581, 451, 22.83, 1.59144, -0.698293, 0.20839, -0.0234172, -0.00300824;
-0.716796, 1.5556, 7.5047, 452, 22.874, 1.5556, -0.687628, 0.214015, -0.0280507, -0.00179642;
-0.714816, 1.51986, 7.43125, 453, 22.932, 1.51986, -0.676381, 0.225855, -0.0367563, 0.000505814;
-0.72361, 1.48368, 7.36055, 454, 22.974, 1.48368, -0.663797, 0.253042, -0.0548366, 0.00516628;
-0.750881, 1.44614, 7.2925, 455, 23.033, 1.44614, -0.649271, 0.292411, -0.0759146, 0.00985431;
-0.792567, 1.40651, 7.22692, 456, 23.073, 1.40651, -0.632641, 0.334958, -0.0943743, 0.013295;
-0.809536, 1.36603, 7.16352, 457, 23.136, 1.36603, -0.614783, 0.359809, -0.106615, 0.0157955;
-0.753684, 1.32835, 7.10188, 458, 23.176, 1.32835, -0.59886, 0.320721, -0.0909861, 0.012906;
-0.656335, 1.29553, 7.04154, 459, 23.236, 1.29553, -0.586498, 0.248812, -0.0627237, 0.00788403;
-0.595122, 1.26578, 6.98212, 460, 23.278, 1.26578, -0.577654, 0.177384, -0.0204292, -0.00282411;
-0.580717, 1.23674, 6.92347, 461, 23.339, 1.23674, -0.569243, 0.168633, -0.0156901, -0.00412945;
-0.573587, 1.20806, 6.86556, 462, 23.379, 1.20806, -0.560739, 0.170529, -0.0179646, -0.0035063;
-0.559494, 1.18009, 6.80835, 463, 23.439, 1.18009, 1.5, 7941.93, -382572, 6.14995e+06;
0.239966, 1.19208, 6.75126, 464, 23.48, 1.19208, 1.5, 7896.52, -382059, 6.15872e+06;
0.935733, 1.23887, 6.69243, 465, 23.54, 1.23887, 1.5, 0, 0, 0;
1.26283, 1.30201, 6.63082, 466, 23.581, 1.30201, 1.5, 0, 0, 0;
1.37431, 1.37073, 6.56599, 467, 23.64, 1.37073, 1.5, 0, 0, 0;
1.41137, 1.4413, 6.49778, 468, 23.682, 1.4413, 1.5, 0, 0, 0;
1.42946, 1.51277, 6.42611, 469, 23.741, 1.51277, 1.5, 0, 0, 0;
1.4408, 1.58481, 6.35091, 470, 23.782, 1.58481, 1.5, 0, 0, 0;
1.44763, 1.65719, 6.27213, 471, 23.84, 1.65719, 1.5, 0, 0, 0;
1.45151, 1.72977, 6.1897, 472, 23.882, 1.72977, 1.5, 0, 0, 0;
1.45381, 1.80246, 6.1036, 473, 23.94, 1.80246, 1.5, 0, 0, 0;
1.45543, 1.87523, 6.01379, 474, 23.982, 1.87523, 1.5, 0, 0, 0;
1.45685, 1.94807, 5.92022, 475, 24.041, 1.94807, 1.5, 0, 0, 0;
1.45821, 2.02098, 5.82286, 476, 24.084, 2.02098, 1.5, 0, 0, 0;
1.45883, 2.09392, 5.72168, 477, 24.145, 2.09392, 1.5, 0, 0, 0;
1.45922, 2.16689, 5.61664, 478, 24.187, 2.16689, 1.5, 0, 0, 0;
1.46078, 2.23992, 5.50772, 479, 24.246, 2.23992, 1.5, 0, 0, 0;
1.46329, 2.31309, 5.39487, 480, 24.287, 2.31309, 1.5, 0, 0, 0;
1.4658, 2.38638, 5.27807, 481, 24.348, 2.38638, 1.5, 0, 0, 0;
1.46855, 2.45981, 5.1573, 482, 24.392, 2.45981, 1.5, 0, 0, 0;
1.47116, 2.53336, 5.03252, 483, 24.45, 2.53336, 1.5, 0, 0, 0;
1.4749, 2.60711, 4.90371, 484, 24.507, 2.60711, 1.5, 314.665, -1731.87, 3150.46;
1.4798, 2.6811, 4.77086, 485, 24.56, 2.6811, 1.5, 298.996, -1610.48, 2866.27;
1.48469, 2.75533, 4.63394, 486, 24.603, 2.75533, 1.5, 284.015, -1496.97, 2606.32;
1.49046, 2.82986, 4.49295, 487, 24.661, 2.82986, 1.5, 269.702, -1390.94, 2368.88;
1.4975, 2.90473, 4.34787, 488, 24.706, 2.90473, 1.5, 256.04, -1292.02, 2152.29;
1.50436, 2.97995, 4.19871, 489, 24.763, 2.97995, 1.5, 243.022, -1199.87, 1954.98;
1.51288, 3.05559, 4.04547, 490, 24.806, 3.05559, 1.5, 230.619, -1114.08, 1775.41;
1.5231, 3.13175, 3.88816, 491, 24.862, 3.13175, 1.5, 218.81, -1034.29, 1612.17;
1.53301, 3.2084, 3.7268, 492, 24.908, 3.2084, 1.5, 207.589, -960.175, 1463.91;
1.54223, 3.28551, 3.56141, 493, 24.967, 3.28551, 1.5, 196.935, -891.387, 1329.37;
1.54935, 3.36298, 3.39203, 494, 25.008, 3.36298, 1.5, 186.836, -827.603, 1207.37;
1.5536, 3.44066, 3.21871, 495, 25.069, 3.44066, 1.5, 177.273, -768.503, 1096.8;
1.55508, 3.51841, 3.04149, 496, 25.109, 3.51841, 1.5, 168.224, -713.77, 996.637;
1.55333, 3.59608, 2.86042, 497, 25.171, 3.59608, 1.5, 159.669, -663.107, 905.926;
1.54867, 3.67351, 2.67557, 498, 25.21, 3.67351, 1.5, 151.583, -616.225, 823.789;
1.54188, 3.75061, 2.48697, 499, 25.271, 3.75061, 1.5, 143.94, -572.843, 749.417;
1.53334, 3.82727, 2.29468, 500, 25.313, 3.82727, 1.5, 136.718, -532.704, 682.075;
1.52374, 3.90346, 2.09874, 501, 25.374, 3.90346, 1.5, 129.892, -495.562, 621.089;
1.51403, 3.97916, 1.89918, 502, 25.414, 3.97916, 1.5, 123.436, -461.183, 565.842;
1.50499, 4.05441, 1.69602, 503, 25.473, 4.05441, 1.5, 117.327, -429.351, 515.78;
1.4972, 4.12927, 1.48929, 504, 25.515, 4.12927, 1.5, 111.543, -399.868, 470.397;
1.49117, 4.20383, 1.27899, 505, 25.575, 4.20383, 1.5, 106.064, -372.549, 429.239;
1.48734, 4.2782, 1.06512, 506, 25.617, 4.2782, 1.5, 100.87, -347.226, 391.896;
1.48612, 4.3525, 0.847692, 507, 25.678, 4.3525, 1.5, 95.9435, -323.739, 357.996;
1.48781, 4.42689, 0.626692, 508, 25.721, 4.42689, 1.5, 91.267, -301.947, 327.205;
1.49247, 4.50152, 0.402119, 509, 25.778, 4.50152, 1.5, 86.8257, -281.717, 299.226;
1.49949, 4.57649, 0.173971, 510, 25.822, 4.57649, 1.5, 82.6086, -262.935, 273.79;
1.50769, 4.65188, -0.0577467, 511, 25.879, 4.65188, 1.5, 78.6075, -245.498, 250.663;
1.51474, 4.72761, -0.293025, 512, 25.923, 4.72761, 1.5, 74.8194, -229.321, 229.634;
1.51724, 4.80348, -0.531844, 513, 25.98, 4.80348, 1.5, 71.2462, -214.33, 210.519;
1.51121, 4.87904, -0.774182, 514, 26.022, 4.87904, 1.5, 67.8918, -200.46, 193.153;
1.49358, 4.95371, -1.02002, 515, 26.082, 4.95371, 1.5, 64.7569, -187.645, 177.378;
1.4646, 5.02694, -1.26933, 516, 26.123, 5.02694, 1.5, 61.8291, -175.8, 163.037;
1.43036, 5.09846, -1.26933, 517, 26.183, 5.09846, 1.5, 165.966, 567.05, 652.275;
1.40317, 5.16862, -1.26933, 518, 26.225, 5.16862, 1.5, 165.926, 568.516, 655.703;
1.39783, 5.23851, -1.26933, 519, 26.283, 5.23851, 1.5, 165.974, 570.138, 659.25;
1.42317, 5.30967, -1.26933, 520, 26.326, 5.30967, 1.5, 166.15, 572.035, 663.065;
1.47215, 5.38328, -1.26933, 521, 26.387, 5.38328, 1.5, 166.428, 574.181, 667.169;
1.51974, 5.45927, -1.26933, 522, 26.426, 5.45927, 1.5, 166.698, 576.358, 671.384;
1.53687, 5.53611, -1.26933, 523, 26.488, 5.53611, 1.5, 166.828, 578.271, 675.415;
1.51664, 5.61194, -1.26933, 524, 26.533, 5.61194, 1.5, 166.786, 579.805, 679.099;
1.48406, 5.68614, -1.26933, 525, 26.587, 5.68614, 1.5, 166.68, 581.162, 682.582;
1.47068, 5.75968, -1.26933, 526, 26.628, 5.75968, 1.5, 166.653, 582.653, 686.158;
1.48169, 5.83376, -1.26933, 527, 26.689, 5.83376, 1.5, 166.728, 584.359, 689.939;
1.49564, 5.90855, -1.26933, 528, 26.729, 5.90855, 1.5, 166.811, 586.087, 693.764;
1.49567, 5.98333, -1.26933, 529, 26.791, 5.98333, 1.5, 166.825, 587.662, 697.459;
1.48826, 6.05774, -1.26933, 530, 26.83, 6.05774, 1.5, 166.798, 589.133, 701.054;
1.48629, 6.13206, -1.26933, 531, 26.889, 6.13206, 1.5, 166.788, 590.63, 704.67;
1.48924, 6.20652, -1.26933, 532, 26.933, 6.20652, 1.5, 166.795, 592.154, 708.317;
1.49005, 6.28102, -1.26933, 533, 26.991, 6.28102, 1.5, 166.785, 593.633, 711.927;
1.48859, 6.35545, -1.26933, 534, 27.032, 6.35545, 1.5, 166.758, 595.063, 715.492;
1.48824, 6.42986, -1.26933, 535, 27.091, 6.42986, 1.5, 166.729, 596.479, 719.044;
1.48864, 6.50429, -1.26933, 536, 27.133, 6.50429, 1.5, 166.697, 597.878, 722.583;
1.48844, 6.57872, -1.26933, 537, 27.193, 6.57872, 1.5, 166.656, 599.244, 726.093;
1.48814, 6.65312, -1.26933, 538, 27.236, 6.65312, 1.5, 166.606, 600.583, 729.578;
1.48809, 6.72753, -1.26933, 539, 27.296, 6.72753, 1.5, 166.551, 601.898, 733.041;
1.48797, 6.80193, -1.26933, 540, 27.339, 6.80193, 1.5, 166.489, 603.186, 736.479;
1.4878, 6.87632, -1.26933, 541, 27.396, 6.87632, 1.5, 166.42, 604.446, 739.891;
1.48768, 6.9507, -1.26933, 542, 27.438, 6.9507, 1.5, 166.343, 605.679, 743.277;
1.48755, 7.02508, -1.26933, 543, 27.498, 7.02508, 1.5, 166.26, 606.884, 746.637;
1.48741, 7.09945, -1.26933, 544, 27.538, 7.09945, 1.5, 166.169, 608.061, 749.968;
1.48728, 7.17381, -1.26933, 545, 27.598, 7.17381, 1.5, 166.072, 609.209, 753.272;
1.48714, 7.24817, -1.26933, 546, 27.641, 7.24817, 1.5, 165.967, 610.329, 756.548;
1.48701, 7.32252, -1.26933, 547, 27.7, 7.32252, 1.5, 165.855, 611.42, 759.793;
1.48687, 7.39686, -1.26933, 548, 27.741, 7.39686, 1.5, 165.736, 612.481, 763.009;
1.48674, 7.4712, -1.26933, 549, 27.798, 7.4712, 1.5, 165.609, 613.513, 766.194;
1.4866, 7.54553, -1.26933, 550, 27.839, 7.54553, 1.5, 165.475, 614.515, 769.348;
1.48647, 7.61985, -1.26933, 551, 27.899, 7.61985, 1.5, 165.334, 615.486, 772.469;
1.48634, 7.69417, -1.26933, 552, 27.942, 7.69417, 1.5, 165.186, 616.427, 775.558;
1.4862, 7.76848, -1.26933, 553, 28.001, 7.76848, 1.5, 165.03, 617.337, 778.613;
1.48607, 7.84278, -1.26933, 554, 28.042, 7.84278, 1.5, 164.866, 618.215, 781.635;
1.48593, 7.91708, -1.26933, 555, 28.103, 7.91708, 1.5, 164.696, 619.062, 784.621;
1.4858, 7.99137, -1.26933, 556, 28.146, 7.99137, 1.5, 164.517, 619.877, 787.572;
1.48567, 8.06565, -1.26933, 557, 28.205, 8.06565, 1.5, 164.332, 620.66, 790.486;
1.48553, 8.13993, -1.26933, 558, 28.246, 8.13993, 1.5, 164.138, 621.41, 793.364;
1.4854, 8.2142, -1.26933, 559, 28.306, 8.2142, 1.5, 163.938, 622.127, 796.203;
1.48526, 8.28846, -1.26933, 560, 28.348, 8.28846, 1.5, 163.729, 622.811, 799.005;
1.48513, 8.36272, -1.26933, 561, 28.408, 8.36272, 1.5, 163.513, 623.461, 801.767;
1.485, 8.43697, -1.26933, 562, 28.452, 8.43697, 1.5, 163.289, 624.078, 804.489;
1.48486, 8.51121, -1.26933, 563, 28.511, 8.51121, 1.5, 163.058, 624.66, 807.17;
1.48473, 8.58545, -1.26933, 564, 28.553, 8.58545, 1.5, 162.819, 625.207, 809.81;
1.48459, 8.65968, -1.26933, 565, 28.614, 8.65968, 1.5, 162.572, 625.72, 812.408;
1.48446, 8.7339, -1.26933, 566, 28.655, 8.7339, 1.5, 162.317, 626.197, 814.963;
1.48433, 8.80812, -1.26933, 567, 28.715, 8.80812, 1.5, 162.054, 626.639, 817.474;
1.48419, 8.88233, -1.26933, 568, 28.756, 8.88233, 1.5, 161.784, 627.045, 819.94;
1.48406, 8.95653, -1.26933, 569, 28.816, 8.95653, 1.5, 161.505, 627.414, 822.362;
1.48393, 9.03073, -1.26933, 570, 28.857, 9.03073, 1.5, 161.219, 627.747, 824.737;
1.48393, 9.03073, -1.26933, 571, 28.921, 9.03073, 1.5, 161.219, 627.747, 824.737;
